# (Kp, Ki, Kd, alpha) = (0.7, 0.11666666666666667, 1.0, 0)
#  Sacamos el alpha, barremos sólo el Ki
#  tiempo, setpoint, pwm, error
2.192376375198364258e+00,3.000000000000000000e+02,0.000000000000000000e+00,0.000000000000000000e+00
2.238257646560668945e+00,3.000000000000000000e+02,2.550000000000000000e+02,2.800000000000000000e+02
2.296702146530151367e+00,3.000000000000000000e+02,1.994079751968383789e+02,2.800000000000000000e+02
2.361938714981079102e+00,3.000000000000000000e+02,2.015390364329020088e+02,2.800000000000000000e+02
2.426004409790039062e+00,3.000000000000000000e+02,1.873153971240338649e+02,2.790000000000000000e+02
2.521393537521362305e+00,3.000000000000000000e+02,2.060292909065882156e+02,2.790000000000000000e+02
2.585644245147705078e+00,3.000000000000000000e+02,2.081206514398256786e+02,2.790000000000000000e+02
2.648832559585571289e+00,3.000000000000000000e+02,2.267105139993635703e+02,2.800000000000000000e+02
2.713586330413818359e+00,3.000000000000000000e+02,2.130000928918520628e+02,2.800000000000000000e+02
2.777532577514648438e+00,3.000000000000000000e+02,1.987434089372322887e+02,2.790000000000000000e+02
2.840919017791748047e+00,3.000000000000000000e+02,2.164447718660036628e+02,2.790000000000000000e+02
2.905270338058471680e+00,3.000000000000000000e+02,2.347866117073123746e+02,2.800000000000000000e+02
2.969484090805053711e+00,3.000000000000000000e+02,2.050640846615288240e+02,2.790000000000000000e+02
3.033233880996704102e+00,3.000000000000000000e+02,2.227121283173560755e+02,2.790000000000000000e+02
3.096962928771972656e+00,3.000000000000000000e+02,2.411853755706138145e+02,2.800000000000000000e+02
3.161299228668212891e+00,3.000000000000000000e+02,2.275955963412920653e+02,2.800000000000000000e+02
3.225932598114013672e+00,3.000000000000000000e+02,2.297069530765215291e+02,2.800000000000000000e+02
3.321525812149047852e+00,3.000000000000000000e+02,2.328296647349993123e+02,2.800000000000000000e+02
3.384850502014160156e+00,3.000000000000000000e+02,2.183992545304949431e+02,2.790000000000000000e+02
3.448725461959838867e+00,3.000000000000000000e+02,2.526330525316179774e+02,2.800000000000000000e+02
3.513473272323608398e+00,3.000000000000000000e+02,2.390925605535506975e+02,2.800000000000000000e+02
3.577757596969604492e+00,3.000000000000000000e+02,2.411925151586532365e+02,2.800000000000000000e+02
3.640950918197631836e+00,3.000000000000000000e+02,2.432568303187688059e+02,2.800000000000000000e+02
3.705937623977661133e+00,3.000000000000000000e+02,2.292843850026669372e+02,2.790000000000000000e+02
3.769446372985839844e+00,3.000000000000000000e+02,2.550000000000000000e+02,2.800000000000000000e+02
3.833483457565307617e+00,3.000000000000000000e+02,2.495386448224385560e+02,2.800000000000000000e+02
3.897627830505371094e+00,3.000000000000000000e+02,2.516340276718139535e+02,2.800000000000000000e+02
3.961173057556152344e+00,3.000000000000000000e+02,2.537098384221394838e+02,2.800000000000000000e+02
4.025471687316894531e+00,3.000000000000000000e+02,2.550000000000000000e+02,2.800000000000000000e+02
4.121666669845581055e+00,3.000000000000000000e+02,2.478458544165861497e+02,2.790000000000000000e+02
4.184957027435302734e+00,3.000000000000000000e+02,2.550000000000000000e+02,2.800000000000000000e+02
4.248945713043212891e+00,3.000000000000000000e+02,2.550000000000000000e+02,2.800000000000000000e+02
4.313750028610229492e+00,3.000000000000000000e+02,2.550000000000000000e+02,2.800000000000000000e+02
4.377144098281860352e+00,3.000000000000000000e+02,2.550000000000000000e+02,2.800000000000000000e+02
4.441950559616088867e+00,3.000000000000000000e+02,2.550000000000000000e+02,2.800000000000000000e+02
4.504843711853027344e+00,3.000000000000000000e+02,2.548512039971151637e+02,2.790000000000000000e+02
4.569356441497802734e+00,3.000000000000000000e+02,2.550000000000000000e+02,2.790000000000000000e+02
4.633274793624877930e+00,3.000000000000000000e+02,2.550000000000000000e+02,2.790000000000000000e+02
4.697608947753906250e+00,3.000000000000000000e+02,2.550000000000000000e+02,2.780000000000000000e+02
4.761313915252685547e+00,3.000000000000000000e+02,2.455747629024057801e+02,2.760000000000000000e+02
4.825523376464843750e+00,3.000000000000000000e+02,1.976294338988146819e+02,2.710000000000000000e+02
4.921477794647216797e+00,3.000000000000000000e+02,2.550000000000000000e+02,2.700000000000000000e+02
4.984961748123168945e+00,3.000000000000000000e+02,2.550000000000000000e+02,2.700000000000000000e+02
5.049883604049682617e+00,3.000000000000000000e+02,2.550000000000000000e+02,2.690000000000000000e+02
5.113658428192138672e+00,3.000000000000000000e+02,1.192847268123369417e+02,2.590000000000000000e+02
5.177611589431762695e+00,3.000000000000000000e+02,2.289871504891551126e+02,2.560000000000000000e+02
5.241559743881225586e+00,3.000000000000000000e+02,1.797356286487640773e+02,2.500000000000000000e+02
5.304969787597656250e+00,3.000000000000000000e+02,1.600667041564428246e+02,2.430000000000000000e+02
5.368942499160766602e+00,3.000000000000000000e+02,1.905772942594711878e+02,2.380000000000000000e+02
5.433464050292968750e+00,3.000000000000000000e+02,1.570835932022629891e+02,2.310000000000000000e+02
5.496932268142700195e+00,3.000000000000000000e+02,1.520416894207293126e+02,2.240000000000000000e+02
5.561280250549316406e+00,3.000000000000000000e+02,1.502786683495207285e+02,2.170000000000000000e+02
5.625309467315673828e+00,3.000000000000000000e+02,1.464058118906414165e+02,2.100000000000000000e+02
5.721444368362426758e+00,3.000000000000000000e+02,1.914066172824843193e+02,2.040000000000000000e+02
5.785200595855712891e+00,3.000000000000000000e+02,1.569832292126862967e+02,1.980000000000000000e+02
5.849452257156372070e+00,3.000000000000000000e+02,1.224055291018728298e+02,1.900000000000000000e+02
5.912931680679321289e+00,3.000000000000000000e+02,1.495598032008819587e+02,1.840000000000000000e+02
5.976901054382324219e+00,3.000000000000000000e+02,1.310722226063844005e+02,1.770000000000000000e+02
6.041500091552734375e+00,3.000000000000000000e+02,1.447076970155941353e+02,1.710000000000000000e+02
6.105532884597778320e+00,3.000000000000000000e+02,1.572434501498491386e+02,1.660000000000000000e+02
6.169468164443969727e+00,3.000000000000000000e+02,1.221287218241046446e+02,1.590000000000000000e+02
6.233435630798339844e+00,3.000000000000000000e+02,1.347585778481596321e+02,1.530000000000000000e+02
6.297540426254272461e+00,3.000000000000000000e+02,1.481658499448158750e+02,1.480000000000000000e+02
6.360974550247192383e+00,3.000000000000000000e+02,1.448994988404459718e+02,1.430000000000000000e+02
6.425513744354248047e+00,3.000000000000000000e+02,1.275862154393156942e+02,1.370000000000000000e+02
6.522017478942871094e+00,3.000000000000000000e+02,1.667276701508639292e+02,1.320000000000000000e+02
6.585756540298461914e+00,3.000000000000000000e+02,1.375387043252326293e+02,1.270000000000000000e+02
6.649832487106323242e+00,3.000000000000000000e+02,1.190491940833039877e+02,1.210000000000000000e+02
6.712919235229492188e+00,3.000000000000000000e+02,1.473444518134772352e+02,1.170000000000000000e+02
6.776914596557617188e+00,3.000000000000000000e+02,1.462883517478611850e+02,1.130000000000000000e+02
6.840937137603759766e+00,3.000000000000000000e+02,1.280020722840612279e+02,1.080000000000000000e+02
6.905773639678955078e+00,3.000000000000000000e+02,1.262616311686501689e+02,1.030000000000000000e+02
6.968940734863281250e+00,3.000000000000000000e+02,1.379841559562045177e+02,9.900000000000000000e+01
7.033262014389038086e+00,3.000000000000000000e+02,1.532877997474491565e+02,9.600000000000000000e+01
7.097619295120239258e+00,3.000000000000000000e+02,1.356664011063236046e+02,9.200000000000000000e+01
7.161238431930541992e+00,3.000000000000000000e+02,1.327984242274543476e+02,8.800000000000000000e+01
7.225688219070434570e+00,3.000000000000000000e+02,1.314403753066562786e+02,8.400000000000000000e+01
7.321234464645385742e+00,3.000000000000000000e+02,1.385541334131418694e+02,7.900000000000000000e+01
7.386107921600341797e+00,3.000000000000000000e+02,1.592383436283946878e+02,7.700000000000000000e+01
7.449470520019531250e+00,3.000000000000000000e+02,1.411680805618913723e+02,7.400000000000000000e+01
7.513346910476684570e+00,3.000000000000000000e+02,1.236153348589946859e+02,7.000000000000000000e+01
7.577392339706420898e+00,3.000000000000000000e+02,1.377951524299547827e+02,6.700000000000000000e+01
7.641426086425781250e+00,3.000000000000000000e+02,1.361647251215726158e+02,6.400000000000000000e+01
7.705433130264282227e+00,3.000000000000000000e+02,1.345006966012124678e+02,6.100000000000000000e+01
7.768952369689941406e+00,3.000000000000000000e+02,1.653719112293652529e+02,6.000000000000000000e+01
7.833287477493286133e+00,3.000000000000000000e+02,1.003099261248552807e+02,5.500000000000000000e+01
7.896953344345092773e+00,3.000000000000000000e+02,1.456076497968971353e+02,5.300000000000000000e+01
7.961295604705810547e+00,3.000000000000000000e+02,1.449207237982101901e+02,5.100000000000000000e+01
8.025555133819580078e+00,3.000000000000000000e+02,1.275786639065109540e+02,4.800000000000000000e+01
8.121271371841430664e+00,3.000000000000000000e+02,1.636416427597916368e+02,4.700000000000000000e+01
8.185544490814208984e+00,3.000000000000000000e+02,1.419094169121582922e+02,4.500000000000000000e+01
8.249702930450439453e+00,3.000000000000000000e+02,1.407756582877556752e+02,4.300000000000000000e+01
8.313362121582031250e+00,3.000000000000000000e+02,1.394356878798085404e+02,4.100000000000000000e+01
8.377725124359130859e+00,3.000000000000000000e+02,1.549164739366431718e+02,4.000000000000000000e+01
8.441461324691772461e+00,3.000000000000000000e+02,1.379565723043721732e+02,3.800000000000000000e+01
8.505478858947753906e+00,3.000000000000000000e+02,1.532915358726828003e+02,3.700000000000000000e+01
8.569194316864013672e+00,3.000000000000000000e+02,1.363828706434283333e+02,3.500000000000000000e+01
8.633489131927490234e+00,3.000000000000000000e+02,1.355132553046116755e+02,3.300000000000000000e+01
8.697036027908325195e+00,3.000000000000000000e+02,1.504207946047594930e+02,3.200000000000000000e+01
8.761184453964233398e+00,3.000000000000000000e+02,1.501003609169612218e+02,3.100000000000000000e+01
8.825236797332763672e+00,3.000000000000000000e+02,1.332814557590232027e+02,2.900000000000000000e+01
8.921007633209228516e+00,3.000000000000000000e+02,1.536771776913902556e+02,2.800000000000000000e+01
8.985560894012451172e+00,3.000000000000000000e+02,9.953518199346734718e+01,2.400000000000000000e+01
9.049429893493652344e+00,3.000000000000000000e+02,1.289493530245111970e+02,2.200000000000000000e+01
9.112813949584960938e+00,3.000000000000000000e+02,1.274576689684319888e+02,2.000000000000000000e+01
9.177358865737915039e+00,3.000000000000000000e+02,1.429613330353771232e+02,1.900000000000000000e+01
9.241952180862426758e+00,3.000000000000000000e+02,1.100305596008692106e+02,1.600000000000000000e+01
9.305500268936157227e+00,3.000000000000000000e+02,1.401500887021230710e+02,1.500000000000000000e+01
9.368952751159667969e+00,3.000000000000000000e+02,1.395300176576519107e+02,1.400000000000000000e+01
9.433761596679687500e+00,3.000000000000000000e+02,1.392581433313333719e+02,1.300000000000000000e+01
9.497559070587158203e+00,3.000000000000000000e+02,1.384028504797990422e+02,1.200000000000000000e+01
9.561337947845458984e+00,3.000000000000000000e+02,1.377801296375341167e+02,1.100000000000000000e+01
9.625293731689453125e+00,3.000000000000000000e+02,1.371981145072448669e+02,1.000000000000000000e+01
9.721763849258422852e+00,3.000000000000000000e+02,1.418693063214911945e+02,9.000000000000000000e+00
9.785561323165893555e+00,3.000000000000000000e+02,1.359201530525262172e+02,8.000000000000000000e+00
9.849367141723632812e+00,3.000000000000000000e+02,1.516543069601059130e+02,8.000000000000000000e+00
9.912942647933959961e+00,3.000000000000000000e+02,1.352768987987374487e+02,7.000000000000000000e+00
9.976932764053344727e+00,3.000000000000000000e+02,1.510584855516751759e+02,7.000000000000000000e+00
1.004128789901733398e+01,3.000000000000000000e+02,1.348647585603390837e+02,6.000000000000000000e+00
1.010546517372131348e+01,3.000000000000000000e+02,1.341591312959997140e+02,5.000000000000000000e+00
1.016950035095214844e+01,3.000000000000000000e+02,1.497783247431119378e+02,5.000000000000000000e+00
1.023293232917785645e+01,3.000000000000000000e+02,1.333430073130560913e+02,4.000000000000000000e+00
1.029740881919860840e+01,3.000000000000000000e+02,1.491380153616269695e+02,4.000000000000000000e+00
1.036096072196960449e+01,3.000000000000000000e+02,1.327250884320071407e+02,3.000000000000000000e+00
1.042507743835449219e+01,3.000000000000000000e+02,1.484826993783315174e+02,3.000000000000000000e+00
1.052208042144775391e+01,3.000000000000000000e+02,1.374963720942460270e+02,2.000000000000000000e+00
1.058557319641113281e+01,3.000000000000000000e+02,1.478201483885447374e+02,2.000000000000000000e+00
1.064940977096557617e+01,3.000000000000000000e+02,1.150901465211311034e+02,0.000000000000000000e+00
1.071342396736145020e+01,3.000000000000000000e+02,1.464201483885447317e+02,0.000000000000000000e+00
1.077704811096191406e+01,3.000000000000000000e+02,1.299954216772253233e+02,-1.000000000000000000e+00
1.084105873107910156e+01,3.000000000000000000e+02,1.457052576661110379e+02,-1.000000000000000000e+00
1.090516042709350586e+01,3.000000000000000000e+02,1.456977791349093536e+02,-1.000000000000000000e+00
1.096952247619628906e+01,3.000000000000000000e+02,1.294456550016342362e+02,-2.000000000000000000e+00
1.103293371200561523e+01,3.000000000000000000e+02,1.449679653684298444e+02,-2.000000000000000000e+00
1.109768009185791016e+01,3.000000000000000000e+02,1.288004251741977271e+02,-3.000000000000000000e+00
1.116127705574035645e+01,3.000000000000000000e+02,1.277916044835253473e+02,-4.000000000000000000e+00
1.122519516944885254e+01,3.000000000000000000e+02,1.434857970992724177e+02,-4.000000000000000000e+00
1.132186174392700195e+01,3.000000000000000000e+02,1.323845708123475049e+02,-5.000000000000000000e+00
1.138551139831542969e+01,3.000000000000000000e+02,1.426922792991002780e+02,-5.000000000000000000e+00
1.144894671440124512e+01,3.000000000000000000e+02,1.426552753647168856e+02,-5.000000000000000000e+00
1.151282644271850586e+01,3.000000000000000000e+02,1.426180121898651407e+02,-5.000000000000000000e+00
1.157693576812744141e+01,3.000000000000000000e+02,1.425806150833765855e+02,-5.000000000000000000e+00
1.164140343666076660e+01,3.000000000000000000e+02,1.425430089433988030e+02,-5.000000000000000000e+00
1.170582222938537598e+01,3.000000000000000000e+02,1.425054313143094475e+02,-5.000000000000000000e+00
1.176939439773559570e+01,3.000000000000000000e+02,1.424683475494384766e+02,-5.000000000000000000e+00
1.183346104621887207e+01,3.000000000000000000e+02,1.424309753378232415e+02,-5.000000000000000000e+00
1.189697933197021484e+01,3.000000000000000000e+02,1.423939230044682915e+02,-5.000000000000000000e+00
1.196158766746520996e+01,3.000000000000000000e+02,1.585416514605502982e+02,-4.000000000000000000e+00
1.202535009384155273e+01,3.000000000000000000e+02,1.430340166489283149e+02,-4.000000000000000000e+00
1.212160110473632812e+01,3.000000000000000000e+02,1.429890995105107550e+02,-4.000000000000000000e+00
1.218556165695190430e+01,3.000000000000000000e+02,1.429592512528101622e+02,-4.000000000000000000e+00
1.224931979179382324e+01,3.000000000000000000e+02,1.593212090180487053e+02,-3.000000000000000000e+00
1.231380963325500488e+01,3.000000000000000000e+02,1.274005224829337379e+02,-4.000000000000000000e+00
1.237736773490905762e+01,3.000000000000000000e+02,1.757592812810452472e+02,-2.000000000000000000e+00
1.244095158576965332e+01,3.000000000000000000e+02,1.278424922103345978e+02,-3.000000000000000000e+00
1.250546956062316895e+01,3.000000000000000000e+02,1.435471747835477458e+02,-3.000000000000000000e+00
1.256969761848449707e+01,3.000000000000000000e+02,1.272476821792774615e+02,-4.000000000000000000e+00
1.263281273841857910e+01,3.000000000000000000e+02,1.262363205302984426e+02,-5.000000000000000000e+00
1.269809889793395996e+01,3.000000000000000000e+02,1.420423009435336041e+02,-5.000000000000000000e+00
1.276132273674011230e+01,3.000000000000000000e+02,1.254812254917565895e+02,-6.000000000000000000e+00
1.282480645179748535e+01,3.000000000000000000e+02,1.412536056558291477e+02,-6.000000000000000000e+00
1.292139291763305664e+01,3.000000000000000000e+02,1.411859951297442421e+02,-6.000000000000000000e+00
1.298508691787719727e+01,3.000000000000000000e+02,1.247339124827799566e+02,-7.000000000000000000e+00
1.304895591735839844e+01,3.000000000000000000e+02,1.403818186799685179e+02,-7.000000000000000000e+00
1.311286950111389160e+01,3.000000000000000000e+02,1.403296225865682061e+02,-7.000000000000000000e+00
1.317731595039367676e+01,3.000000000000000000e+02,1.402769913196563891e+02,-7.000000000000000000e+00
1.324092984199523926e+01,3.000000000000000000e+02,1.566522984868761625e+02,-6.000000000000000000e+00
1.330494689941406250e+01,3.000000000000000000e+02,1.408876496553421305e+02,-6.000000000000000000e+00
1.336945772171020508e+01,3.000000000000000000e+02,1.408424920797348250e+02,-6.000000000000000000e+00
1.343344068527221680e+01,3.000000000000000000e+02,1.407977040052414281e+02,-6.000000000000000000e+00
1.349729871749877930e+01,3.000000000000000000e+02,1.571201906429539292e+02,-5.000000000000000000e+00
1.356130433082580566e+01,3.000000000000000000e+02,1.414231168786684805e+02,-5.000000000000000000e+00
1.362526988983154297e+01,3.000000000000000000e+02,1.577266792576926093e+02,-4.000000000000000000e+00
1.372216606140136719e+01,3.000000000000000000e+02,1.530796778116647658e+02,-3.000000000000000000e+00
1.378519129753112793e+01,3.000000000000000000e+02,1.593113068456146948e+02,-2.000000000000000000e+00
1.384899735450744629e+01,3.000000000000000000e+02,1.434297586560249158e+02,-2.000000000000000000e+00
1.391391491889953613e+01,3.000000000000000000e+02,1.434146112243334414e+02,-2.000000000000000000e+00
1.397739410400390625e+01,3.000000000000000000e+02,1.433997994144757513e+02,-2.000000000000000000e+00
1.404164910316467285e+01,3.000000000000000000e+02,1.596552944080849272e+02,-1.000000000000000000e+00
1.410548806190490723e+01,3.000000000000000000e+02,1.440848551193873277e+02,-1.000000000000000000e+00
1.416949105262756348e+01,3.000000000000000000e+02,1.440773881038030311e+02,-1.000000000000000000e+00
1.423295283317565918e+01,3.000000000000000000e+02,1.440699842294057476e+02,-1.000000000000000000e+00
1.429792785644531250e+01,3.000000000000000000e+02,1.440624038100242785e+02,-1.000000000000000000e+00
1.436156344413757324e+01,3.000000000000000000e+02,1.440549796581268538e+02,-1.000000000000000000e+00
1.442560696601867676e+01,3.000000000000000000e+02,1.440475079139073955e+02,-1.000000000000000000e+00
1.452147531509399414e+01,3.000000000000000000e+02,1.440363232731819494e+02,-1.000000000000000000e+00
1.458556103706359863e+01,3.000000000000000000e+02,1.440288466056188383e+02,-1.000000000000000000e+00
1.464885115623474121e+01,3.000000000000000000e+02,1.440214627583821994e+02,-1.000000000000000000e+00
1.471292066574096680e+01,3.000000000000000000e+02,1.440139879822731359e+02,-1.000000000000000000e+00
1.477680301666259766e+01,3.000000000000000000e+02,1.276453062832369625e+02,-2.000000000000000000e+00
1.484147024154663086e+01,3.000000000000000000e+02,1.432839930812518219e+02,-2.000000000000000000e+00
1.490549612045288086e+01,3.000000000000000000e+02,1.269428995622428431e+02,-3.000000000000000000e+00
1.496925926208496094e+01,3.000000000000000000e+02,1.425392669240634120e+02,-3.000000000000000000e+00
1.503331160545349121e+01,3.000000000000000000e+02,1.425168486038844264e+02,-3.000000000000000000e+00
1.509694814682006836e+01,3.000000000000000000e+02,1.424945758144061188e+02,-3.000000000000000000e+00
1.516129446029663086e+01,3.000000000000000000e+02,1.424720546046893332e+02,-3.000000000000000000e+00
1.522543764114379883e+01,3.000000000000000000e+02,1.424496044913928188e+02,-3.000000000000000000e+00
1.532133722305297852e+01,3.000000000000000000e+02,1.312772772168491713e+02,-4.000000000000000000e+00
1.538598632812500000e+01,3.000000000000000000e+02,1.416746817708015840e+02,-4.000000000000000000e+00
1.544949650764465332e+01,3.000000000000000000e+02,1.251921267913065776e+02,-5.000000000000000000e+00
1.551339030265808105e+01,3.000000000000000000e+02,1.409003627856573075e+02,-5.000000000000000000e+00
1.557750463485717773e+01,3.000000000000000000e+02,1.408629627585411583e+02,-5.000000000000000000e+00
1.564142036437988281e+01,3.000000000000000000e+02,1.244726207750386067e+02,-6.000000000000000000e+00
1.570536994934082031e+01,3.000000000000000000e+02,1.400734570384026370e+02,-6.000000000000000000e+00
1.576943254470825195e+01,3.000000000000000000e+02,1.400286132216454291e+02,-6.000000000000000000e+00
1.583349585533142090e+01,3.000000000000000000e+02,1.399837689042091995e+02,-6.000000000000000000e+00
1.589773511886596680e+01,3.000000000000000000e+02,1.399388014197350287e+02,-6.000000000000000000e+00
1.596081113815307617e+01,3.000000000000000000e+02,1.564558927721572275e+02,-5.000000000000000000e+00
1.602568960189819336e+01,3.000000000000000000e+02,1.405641613046329041e+02,-5.000000000000000000e+00
1.612155628204345703e+01,3.000000000000000000e+02,1.405082390745481575e+02,-5.000000000000000000e+00
1.618580603599548340e+01,3.000000000000000000e+02,1.567425177946381609e+02,-4.000000000000000000e+00
1.624893951416015625e+01,3.000000000000000000e+02,1.576956159383140061e+02,-3.000000000000000000e+00
1.631349420547485352e+01,3.000000000000000000e+02,1.256352926701430306e+02,-4.000000000000000000e+00
1.637775993347167969e+01,3.000000000000000000e+02,1.573639338592730894e+02,-3.000000000000000000e+00
1.644136762619018555e+01,3.000000000000000000e+02,1.417812779188156753e+02,-3.000000000000000000e+00
1.650536823272705078e+01,3.000000000000000000e+02,1.417588777065277839e+02,-3.000000000000000000e+00
1.656941676139831543e+01,3.000000000000000000e+02,1.417364607214928469e+02,-3.000000000000000000e+00
1.663346695899963379e+01,3.000000000000000000e+02,1.253938162983005640e+02,-4.000000000000000000e+00
1.669767570495605469e+01,3.000000000000000000e+02,1.409766065478325459e+02,-4.000000000000000000e+00
1.676135087013244629e+01,3.000000000000000000e+02,1.409468914707502165e+02,-4.000000000000000000e+00
1.682469177246093750e+01,3.000000000000000000e+02,1.244223557084610263e+02,-5.000000000000000000e+00
1.692116856575012207e+01,3.000000000000000000e+02,1.401536644816399075e+02,-5.000000000000000000e+00
1.698588681221008301e+01,3.000000000000000000e+02,1.401159121712049398e+02,-5.000000000000000000e+00
1.704895329475402832e+01,3.000000000000000000e+02,1.400791233897209622e+02,-5.000000000000000000e+00
1.711347770690917969e+01,3.000000000000000000e+02,1.400414841492971334e+02,-5.000000000000000000e+00
1.717743420600891113e+01,3.000000000000000000e+02,1.400041761914889662e+02,-5.000000000000000000e+00
1.724124932289123535e+01,3.000000000000000000e+02,1.235892373589054500e+02,-6.000000000000000000e+00
1.730495619773864746e+01,3.000000000000000000e+02,1.392149107972781508e+02,-6.000000000000000000e+00
1.736907672882080078e+01,3.000000000000000000e+02,1.554731359351806361e+02,-5.000000000000000000e+00
1.743370580673217773e+01,3.000000000000000000e+02,1.398398068586985801e+02,-5.000000000000000000e+00
1.749745464324951172e+01,3.000000000000000000e+02,1.561966182023093950e+02,-4.000000000000000000e+00
1.756127142906188965e+01,3.000000000000000000e+02,1.568575799701365838e+02,-3.000000000000000000e+00
1.762564921379089355e+01,3.000000000000000000e+02,1.411651893019676720e+02,-3.000000000000000000e+00
1.772158360481262207e+01,3.000000000000000000e+02,1.522665951758197878e+02,-2.000000000000000000e+00
1.778569626808166504e+01,3.000000000000000000e+02,1.418278449892997912e+02,-2.000000000000000000e+00
1.784942197799682617e+01,3.000000000000000000e+02,1.418129756569862536e+02,-2.000000000000000000e+00
1.791342353820800781e+01,3.000000000000000000e+02,1.417980419596036370e+02,-2.000000000000000000e+00
1.797696161270141602e+01,3.000000000000000000e+02,1.417832164088885065e+02,-2.000000000000000000e+00
1.804149770736694336e+01,3.000000000000000000e+02,1.417681579867998778e+02,-2.000000000000000000e+00
1.810545110702514648e+01,3.000000000000000000e+02,1.417532355268796209e+02,-2.000000000000000000e+00
1.816898345947265625e+01,3.000000000000000000e+02,1.417384113113085391e+02,-2.000000000000000000e+00
1.823319506645202637e+01,3.000000000000000000e+02,1.254424288593112351e+02,-3.000000000000000000e+00
1.829695653915405273e+01,3.000000000000000000e+02,1.246027298411680704e+02,-4.000000000000000000e+00
1.836169362068176270e+01,3.000000000000000000e+02,1.402559712568918826e+02,-4.000000000000000000e+00
1.842469692230224609e+01,3.000000000000000000e+02,1.402265697161356570e+02,-4.000000000000000000e+00
1.852154302597045898e+01,3.000000000000000000e+02,1.401813748677571709e+02,-4.000000000000000000e+00
1.858575820922851562e+01,3.000000000000000000e+02,1.401514077822367312e+02,-4.000000000000000000e+00
1.864895701408386230e+01,3.000000000000000000e+02,1.401219150066375789e+02,-4.000000000000000000e+00
1.871325373649597168e+01,3.000000000000000000e+02,1.400919098695119374e+02,-4.000000000000000000e+00
1.877694463729858398e+01,3.000000000000000000e+02,1.564704479592617474e+02,-3.000000000000000000e+00
1.884224510192871094e+01,3.000000000000000000e+02,1.567682079979063872e+02,-2.000000000000000000e+00
1.890540862083435059e+01,3.000000000000000000e+02,1.414396431247393764e+02,-2.000000000000000000e+00
1.896928024291992188e+01,3.000000000000000000e+02,1.414247397462527545e+02,-2.000000000000000000e+00
1.903356480598449707e+01,3.000000000000000000e+02,1.414097400148710335e+02,-2.000000000000000000e+00
1.909688377380371094e+01,3.000000000000000000e+02,1.578954087288204846e+02,-1.000000000000000000e+00
1.916134500503540039e+01,3.000000000000000000e+02,1.420948323249817804e+02,-1.000000000000000000e+00
1.922508549690246582e+01,3.000000000000000000e+02,1.420873959342639523e+02,-1.000000000000000000e+00
1.932127737998962402e+01,3.000000000000000000e+02,1.420761735479037782e+02,-1.000000000000000000e+00
1.938584208488464355e+01,3.000000000000000000e+02,1.582645119771736404e+02,0.000000000000000000e+00
1.944911789894104004e+01,3.000000000000000000e+02,1.592873824317620119e+02,1.000000000000000000e+00
1.951281142234802246e+01,3.000000000000000000e+02,1.598986009658943317e+02,2.000000000000000000e+00
1.957803010940551758e+01,3.000000000000000000e+02,1.442136352419854006e+02,2.000000000000000000e+00
1.964179396629333496e+01,3.000000000000000000e+02,1.606188182278212651e+02,3.000000000000000000e+00
1.970496201515197754e+01,3.000000000000000000e+02,1.449580614089966559e+02,3.000000000000000000e+00
1.976933169364929199e+01,3.000000000000000000e+02,1.449805907964707217e+02,3.000000000000000000e+00
1.983294868469238281e+01,3.000000000000000000e+02,1.450028567433357978e+02,3.000000000000000000e+00
1.989744877815246582e+01,3.000000000000000000e+02,1.450254317760468155e+02,3.000000000000000000e+00
1.996124863624572754e+01,3.000000000000000000e+02,1.450477617263794627e+02,3.000000000000000000e+00
2.002478671073913574e+01,3.000000000000000000e+02,1.121779851794906904e+02,1.000000000000000000e+00
2.012174272537231445e+01,3.000000000000000000e+02,1.436664860367775418e+02,1.000000000000000000e+00
2.018569731712341309e+01,3.000000000000000000e+02,1.273303921673671226e+02,0.000000000000000000e+00
2.024891757965087891e+01,3.000000000000000000e+02,1.429664860367775532e+02,0.000000000000000000e+00
2.031339025497436523e+01,3.000000000000000000e+02,1.267485174348717862e+02,-1.000000000000000000e+00
2.037733578681945801e+01,3.000000000000000000e+02,1.422515039126078875e+02,-1.000000000000000000e+00
2.044094085693359375e+01,3.000000000000000000e+02,1.422440833210945641e+02,-1.000000000000000000e+00
2.050495696067810059e+01,3.000000000000000000e+02,1.422366147756576993e+02,-1.000000000000000000e+00
2.056933450698852539e+01,3.000000000000000000e+02,1.422291040619214755e+02,-1.000000000000000000e+00
2.063339471817016602e+01,3.000000000000000000e+02,1.422216303706169640e+02,-1.000000000000000000e+00
2.069691109657287598e+01,3.000000000000000000e+02,1.422142201264699679e+02,-1.000000000000000000e+00
2.076109600067138672e+01,3.000000000000000000e+02,1.422067318876584636e+02,-1.000000000000000000e+00
2.082529902458190918e+01,3.000000000000000000e+02,1.421992415348688894e+02,-1.000000000000000000e+00
2.092178869247436523e+01,3.000000000000000000e+02,1.311129233418579361e+02,-2.000000000000000000e+00
2.098565053939819336e+01,3.000000000000000000e+02,1.414618261814117375e+02,-2.000000000000000000e+00
2.104893255233764648e+01,3.000000000000000000e+02,1.414470603783925355e+02,-2.000000000000000000e+00
2.111323642730712891e+01,3.000000000000000000e+02,1.414320561408996468e+02,-2.000000000000000000e+00
2.117720746994018555e+01,3.000000000000000000e+02,1.414171295642852613e+02,-2.000000000000000000e+00
2.124185228347778320e+01,3.000000000000000000e+02,1.414020457744598218e+02,-2.000000000000000000e+00
2.130536484718322754e+01,3.000000000000000000e+02,1.413872261762618905e+02,-2.000000000000000000e+00
2.136891913414001465e+01,3.000000000000000000e+02,1.578143913133262402e+02,-1.000000000000000000e+00
2.143350291252136230e+01,3.000000000000000000e+02,1.420722767353057918e+02,-1.000000000000000000e+00
2.149696326255798340e+01,3.000000000000000000e+02,1.420648730278015250e+02,-1.000000000000000000e+00
2.156130266189575195e+01,3.000000000000000000e+02,1.420573667645454634e+02,-1.000000000000000000e+00
2.162518596649169922e+01,3.000000000000000000e+02,1.420499137123426010e+02,-1.000000000000000000e+00
2.172234582901000977e+01,3.000000000000000000e+02,1.420385783950488019e+02,-1.000000000000000000e+00
2.178562021255493164e+01,3.000000000000000000e+02,1.420311963836352334e+02,-1.000000000000000000e+00
2.184880971908569336e+01,3.000000000000000000e+02,1.420238242745399759e+02,-1.000000000000000000e+00
2.191341090202331543e+01,3.000000000000000000e+02,1.420162874698639257e+02,-1.000000000000000000e+00
2.197699022293090820e+01,3.000000000000000000e+02,1.420088698824247047e+02,-1.000000000000000000e+00
2.204072904586791992e+01,3.000000000000000000e+02,1.256049722790646825e+02,-2.000000000000000000e+00
2.210543918609619141e+01,3.000000000000000000e+02,1.412788984576861253e+02,-2.000000000000000000e+00
2.217008042335510254e+01,3.000000000000000000e+02,1.412638155023257127e+02,-2.000000000000000000e+00
2.223343229293823242e+01,3.000000000000000000e+02,1.412490333994229843e+02,-2.000000000000000000e+00
2.229681539535522461e+01,3.000000000000000000e+02,1.412342440088590081e+02,-2.000000000000000000e+00
2.236068987846374512e+01,3.000000000000000000e+02,1.412193399628003476e+02,-2.000000000000000000e+00
2.242479062080383301e+01,3.000000000000000000e+02,1.412043831229210014e+02,-2.000000000000000000e+00
2.252158212661743164e+01,3.000000000000000000e+02,1.411817984382311693e+02,-2.000000000000000000e+00
2.258552432060241699e+01,3.000000000000000000e+02,1.411668785929680041e+02,-2.000000000000000000e+00
2.264866971969604492e+01,3.000000000000000000e+02,1.576959781713053133e+02,-1.000000000000000000e+00
2.271348166465759277e+01,3.000000000000000000e+02,1.418519502361615992e+02,-1.000000000000000000e+00
2.277747631072998047e+01,3.000000000000000000e+02,1.418444841941198149e+02,-1.000000000000000000e+00
2.284162783622741699e+01,3.000000000000000000e+02,1.418369998494784454e+02,-1.000000000000000000e+00
2.290521669387817383e+01,3.000000000000000000e+02,1.418295811494191980e+02,-1.000000000000000000e+00
2.296944689750671387e+01,3.000000000000000000e+02,1.418220876256625331e+02,-1.000000000000000000e+00
2.303295755386352539e+01,3.000000000000000000e+02,1.418146780490875756e+02,-1.000000000000000000e+00
2.309684085845947266e+01,3.000000000000000000e+02,1.418072249968847132e+02,-1.000000000000000000e+00
2.316092538833618164e+01,3.000000000000000000e+02,1.417997484683990876e+02,-1.000000000000000000e+00
2.322478628158569336e+01,3.000000000000000000e+02,1.417922980308533170e+02,-1.000000000000000000e+00
2.332157063484191895e+01,3.000000000000000000e+02,1.417810065229734278e+02,-1.000000000000000000e+00
2.338496565818786621e+01,3.000000000000000000e+02,1.417736104369164138e+02,-1.000000000000000000e+00
2.344963216781616211e+01,3.000000000000000000e+02,1.417660660107931108e+02,-1.000000000000000000e+00
2.351296377182006836e+01,3.000000000000000000e+02,1.417586773236593274e+02,-1.000000000000000000e+00
2.357691526412963867e+01,3.000000000000000000e+02,1.417512163162232071e+02,-1.000000000000000000e+00
2.364179515838623047e+01,3.000000000000000000e+02,1.417436469952266123e+02,-1.000000000000000000e+00
2.370582318305969238e+01,3.000000000000000000e+02,1.417361770590147216e+02,-1.000000000000000000e+00
2.376911711692810059e+01,3.000000000000000000e+02,1.582354794389087829e+02,0.000000000000000000e+00
2.383287930488586426e+01,3.000000000000000000e+02,1.424361770590147103e+02,0.000000000000000000e+00
2.389761066436767578e+01,3.000000000000000000e+02,1.424361770590147103e+02,0.000000000000000000e+00
2.396133041381835938e+01,3.000000000000000000e+02,1.424361770590147103e+02,0.000000000000000000e+00
2.402476716041564941e+01,3.000000000000000000e+02,1.424361770590147103e+02,0.000000000000000000e+00
2.412172937393188477e+01,3.000000000000000000e+02,1.424361770590147103e+02,0.000000000000000000e+00
2.418569731712341309e+01,3.000000000000000000e+02,1.424361770590147103e+02,0.000000000000000000e+00
2.424949884414672852e+01,3.000000000000000000e+02,1.424361770590147103e+02,0.000000000000000000e+00
2.431383752822875977e+01,3.000000000000000000e+02,1.424361770590147103e+02,0.000000000000000000e+00
2.437767791748046875e+01,3.000000000000000000e+02,1.424361770590147103e+02,0.000000000000000000e+00
2.444154882431030273e+01,3.000000000000000000e+02,1.424361770590147103e+02,0.000000000000000000e+00
2.450496339797973633e+01,3.000000000000000000e+02,1.424361770590147103e+02,0.000000000000000000e+00
2.456994462013244629e+01,3.000000000000000000e+02,1.424361770590147103e+02,0.000000000000000000e+00
2.463347983360290527e+01,3.000000000000000000e+02,1.424361770590147103e+02,0.000000000000000000e+00
2.469697093963623047e+01,3.000000000000000000e+02,1.424361770590147103e+02,0.000000000000000000e+00
2.476109743118286133e+01,3.000000000000000000e+02,1.424361770590147103e+02,0.000000000000000000e+00
2.482475113868713379e+01,3.000000000000000000e+02,1.424361770590147103e+02,0.000000000000000000e+00
2.492207956314086914e+01,3.000000000000000000e+02,1.424361770590147103e+02,0.000000000000000000e+00
2.498580718040466309e+01,3.000000000000000000e+02,1.260369582478219570e+02,-1.000000000000000000e+00
2.504946374893188477e+01,3.000000000000000000e+02,1.417213155706724592e+02,-1.000000000000000000e+00
2.511350131034851074e+01,3.000000000000000000e+02,1.417138445218405138e+02,-1.000000000000000000e+00
2.517699170112609863e+01,3.000000000000000000e+02,1.417064373095831229e+02,-1.000000000000000000e+00
2.524124479293823242e+01,3.000000000000000000e+02,1.579698907060958675e+02,0.000000000000000000e+00
2.530542135238647461e+01,3.000000000000000000e+02,1.424064373095831115e+02,0.000000000000000000e+00
2.536944699287414551e+01,3.000000000000000000e+02,1.424064373095831115e+02,0.000000000000000000e+00
2.543340682983398438e+01,3.000000000000000000e+02,1.424064373095831115e+02,0.000000000000000000e+00
2.549696373939514160e+01,3.000000000000000000e+02,1.424064373095831115e+02,0.000000000000000000e+00
2.556130862236022949e+01,3.000000000000000000e+02,1.424064373095831115e+02,0.000000000000000000e+00
2.562481021881103516e+01,3.000000000000000000e+02,1.424064373095831115e+02,0.000000000000000000e+00
2.572178721427917480e+01,3.000000000000000000e+02,1.424064373095831115e+02,0.000000000000000000e+00
2.578528451919555664e+01,3.000000000000000000e+02,1.424064373095831115e+02,0.000000000000000000e+00
2.584895706176757812e+01,3.000000000000000000e+02,1.424064373095831115e+02,0.000000000000000000e+00
2.591456818580627441e+01,3.000000000000000000e+02,1.583554098521503875e+02,1.000000000000000000e+00
2.597724127769470215e+01,3.000000000000000000e+02,1.431214038014412608e+02,1.000000000000000000e+00
2.604161977767944336e+01,3.000000000000000000e+02,1.431289146264394674e+02,1.000000000000000000e+00
2.610481977462768555e+01,3.000000000000000000e+02,1.266061290522731895e+02,0.000000000000000000e+00
2.616946339607238770e+01,3.000000000000000000e+02,1.424289146264394788e+02,0.000000000000000000e+00
2.623362207412719727e+01,3.000000000000000000e+02,1.424289146264394788e+02,0.000000000000000000e+00
2.629743599891662598e+01,3.000000000000000000e+02,1.424289146264394788e+02,0.000000000000000000e+00
2.636125540733337402e+01,3.000000000000000000e+02,1.424289146264394788e+02,0.000000000000000000e+00
2.642483592033386230e+01,3.000000000000000000e+02,1.259934073830558532e+02,-1.000000000000000000e+00
2.652143239974975586e+01,3.000000000000000000e+02,1.417102273106575581e+02,-1.000000000000000000e+00
2.658598756790161133e+01,3.000000000000000000e+02,1.417026958743731768e+02,-1.000000000000000000e+00
2.664894247055053711e+01,3.000000000000000000e+02,1.416953511357307889e+02,-1.000000000000000000e+00
2.671343755722045898e+01,3.000000000000000000e+02,1.254752452052240699e+02,-2.000000000000000000e+00
2.677684092521667480e+01,3.000000000000000000e+02,1.409655081629753397e+02,-2.000000000000000000e+00
2.684130954742431641e+01,3.000000000000000000e+02,1.409504654844602101e+02,-2.000000000000000000e+00
2.690567255020141602e+01,3.000000000000000000e+02,1.409354474504788755e+02,-2.000000000000000000e+00
2.696982502937316895e+01,3.000000000000000000e+02,1.409204785386721426e+02,-2.000000000000000000e+00
2.703349208831787109e+01,3.000000000000000000e+02,1.409056228915850397e+02,-2.000000000000000000e+00
2.709692358970642090e+01,3.000000000000000000e+02,1.408908222079276982e+02,-2.000000000000000000e+00
2.716127991676330566e+01,3.000000000000000000e+02,1.571218017258559883e+02,-1.000000000000000000e+00
2.722563362121582031e+01,3.000000000000000000e+02,1.415758060375849539e+02,-1.000000000000000000e+00
2.728971123695373535e+01,3.000000000000000000e+02,1.415683303157488524e+02,-1.000000000000000000e+00
2.738592004776000977e+01,3.000000000000000000e+02,1.415571059544881223e+02,-1.000000000000000000e+00
2.744950199127197266e+01,3.000000000000000000e+02,1.579848416096879475e+02,0.000000000000000000e+00
2.751301956176757812e+01,3.000000000000000000e+02,1.422571059544881109e+02,0.000000000000000000e+00
2.757743167877197266e+01,3.000000000000000000e+02,1.422571059544881109e+02,0.000000000000000000e+00
2.764146614074707031e+01,3.000000000000000000e+02,1.422571059544881109e+02,0.000000000000000000e+00
2.770507311820983887e+01,3.000000000000000000e+02,1.422571059544881109e+02,0.000000000000000000e+00
2.776979660987854004e+01,3.000000000000000000e+02,1.422571059544881109e+02,0.000000000000000000e+00
2.783284330368041992e+01,3.000000000000000000e+02,1.422571059544881109e+02,0.000000000000000000e+00
2.789692497253417969e+01,3.000000000000000000e+02,1.422571059544881109e+02,0.000000000000000000e+00
2.796125960350036621e+01,3.000000000000000000e+02,1.260058723208894946e+02,-1.000000000000000000e+00
2.802480053901672363e+01,3.000000000000000000e+02,1.579874862555717527e+02,0.000000000000000000e+00
2.808956933021545410e+01,3.000000000000000000e+02,1.422496002475420482e+02,0.000000000000000000e+00
2.818493437767028809e+01,3.000000000000000000e+02,1.422496002475420482e+02,0.000000000000000000e+00
2.825035357475280762e+01,3.000000000000000000e+02,1.422496002475420482e+02,0.000000000000000000e+00
2.831348395347595215e+01,3.000000000000000000e+02,1.422496002475420482e+02,0.000000000000000000e+00
2.837729692459106445e+01,3.000000000000000000e+02,1.422496002475420482e+02,0.000000000000000000e+00
2.844094872474670410e+01,3.000000000000000000e+02,1.422496002475420482e+02,0.000000000000000000e+00
2.850597643852233887e+01,3.000000000000000000e+02,1.422496002475420482e+02,0.000000000000000000e+00
2.856944584846496582e+01,3.000000000000000000e+02,1.422496002475420482e+02,0.000000000000000000e+00
2.863360953330993652e+01,3.000000000000000000e+02,1.585422258358347278e+02,1.000000000000000000e+00
2.869757771492004395e+01,3.000000000000000000e+02,1.429645489652951369e+02,1.000000000000000000e+00
2.876158142089843750e+01,3.000000000000000000e+02,1.429720160643259419e+02,1.000000000000000000e+00
2.882554340362548828e+01,3.000000000000000000e+02,1.429794782956440997e+02,1.000000000000000000e+00
2.888967013359069824e+01,3.000000000000000000e+02,1.266853570837482295e+02,0.000000000000000000e+00
2.898559188842773438e+01,3.000000000000000000e+02,1.422794782956441111e+02,0.000000000000000000e+00
2.904895520210266113e+01,3.000000000000000000e+02,1.422794782956441111e+02,0.000000000000000000e+00
2.911334872245788574e+01,3.000000000000000000e+02,1.422794782956441111e+02,0.000000000000000000e+00
2.917696523666381836e+01,3.000000000000000000e+02,1.422794782956441111e+02,0.000000000000000000e+00
2.924084401130676270e+01,3.000000000000000000e+02,1.259173735718962206e+02,-1.000000000000000000e+00
2.930543136596679688e+01,3.000000000000000000e+02,1.415644905805587825e+02,-1.000000000000000000e+00
2.936895298957824707e+01,3.000000000000000000e+02,1.415570797244707819e+02,-1.000000000000000000e+00
2.943383741378784180e+01,3.000000000000000000e+02,1.415495098749796625e+02,-1.000000000000000000e+00
2.949681830406188965e+01,3.000000000000000000e+02,1.249569822542370048e+02,-2.000000000000000000e+00
2.956126713752746582e+01,3.000000000000000000e+02,1.570434799451369656e+02,-1.000000000000000000e+00
2.962455630302429199e+01,3.000000000000000000e+02,1.415199115673700874e+02,-1.000000000000000000e+00
2.968968725204467773e+01,3.000000000000000000e+02,1.415123129566510443e+02,-1.000000000000000000e+00
2.978499889373779297e+01,3.000000000000000000e+02,1.415011932651201789e+02,-1.000000000000000000e+00
2.984945750236511230e+01,3.000000000000000000e+02,1.577150248742028964e+02,0.000000000000000000e+00
2.991339230537414551e+01,3.000000000000000000e+02,1.258528007391774111e+02,-1.000000000000000000e+00
2.997695064544677734e+01,3.000000000000000000e+02,1.579273106143675989e+02,0.000000000000000000e+00
3.004093551635742188e+01,3.000000000000000000e+02,1.421937342047691004e+02,0.000000000000000000e+00
3.010584115982055664e+01,3.000000000000000000e+02,1.744228403733101231e+02,2.000000000000000000e+00
3.016961026191711426e+01,3.000000000000000000e+02,1.436237583120663714e+02,2.000000000000000000e+00
3.023342752456665039e+01,3.000000000000000000e+02,1.436386490066846022e+02,2.000000000000000000e+00
3.029770398139953613e+01,3.000000000000000000e+02,1.599189417197651437e+02,3.000000000000000000e+00
3.036163735389709473e+01,3.000000000000000000e+02,1.443835224469502521e+02,3.000000000000000000e+00
3.042533206939697266e+01,3.000000000000000000e+02,1.279984949700218237e+02,2.000000000000000000e+00
3.048944330215454102e+01,3.000000000000000000e+02,1.437133438348769801e+02,2.000000000000000000e+00
3.058561444282531738e+01,3.000000000000000000e+02,1.437357837677001555e+02,2.000000000000000000e+00
3.064947247505187988e+01,3.000000000000000000e+02,1.437506839752196868e+02,2.000000000000000000e+00
3.071296143531799316e+01,3.000000000000000000e+02,1.437654980659484352e+02,2.000000000000000000e+00
3.077694725990295410e+01,3.000000000000000000e+02,1.437804280916849393e+02,2.000000000000000000e+00
3.084116578102111816e+01,3.000000000000000000e+02,1.275160885972502172e+02,1.000000000000000000e+00
3.090552687644958496e+01,3.000000000000000000e+02,1.593402743852197716e+02,2.000000000000000000e+00
3.096892690658569336e+01,3.000000000000000000e+02,1.438177311817804593e+02,2.000000000000000000e+00
3.103348851203918457e+01,3.000000000000000000e+02,1.114395672103042898e+02,0.000000000000000000e+00
3.109745311737060547e+01,3.000000000000000000e+02,1.424177311817804537e+02,0.000000000000000000e+00
3.116154122352600098e+01,3.000000000000000000e+02,1.424177311817804537e+02,0.000000000000000000e+00
3.122537660598754883e+01,3.000000000000000000e+02,1.424177311817804537e+02,0.000000000000000000e+00
3.128956747055053711e+01,3.000000000000000000e+02,1.424177311817804537e+02,0.000000000000000000e+00
3.138497495651245117e+01,3.000000000000000000e+02,1.424177311817804537e+02,0.000000000000000000e+00
3.144951963424682617e+01,3.000000000000000000e+02,1.424177311817804537e+02,0.000000000000000000e+00
3.151295089721679688e+01,3.000000000000000000e+02,1.424177311817804537e+02,0.000000000000000000e+00
3.157683968544006348e+01,3.000000000000000000e+02,1.424177311817804537e+02,0.000000000000000000e+00
3.164162993431091309e+01,3.000000000000000000e+02,1.424177311817804537e+02,0.000000000000000000e+00
3.170496630668640137e+01,3.000000000000000000e+02,1.424177311817804537e+02,0.000000000000000000e+00
3.176948308944702148e+01,3.000000000000000000e+02,1.424177311817804537e+02,0.000000000000000000e+00
3.183350062370300293e+01,3.000000000000000000e+02,1.587459202424040257e+02,1.000000000000000000e+00
3.189738011360168457e+01,3.000000000000000000e+02,1.594945820240322973e+02,2.000000000000000000e+00
3.196160960197448730e+01,3.000000000000000000e+02,1.438550919890403179e+02,2.000000000000000000e+00
3.202481508255004883e+01,3.000000000000000000e+02,1.438698399345079508e+02,2.000000000000000000e+00
3.208951163291931152e+01,3.000000000000000000e+02,1.600492583819277570e+02,3.000000000000000000e+00
3.218511819839477539e+01,3.000000000000000000e+02,1.446259460250535938e+02,3.000000000000000000e+00
3.224947619438171387e+01,3.000000000000000000e+02,1.446484713236490336e+02,3.000000000000000000e+00
3.231291913986206055e+01,3.000000000000000000e+02,1.446706763545671492e+02,3.000000000000000000e+00
3.237750864028930664e+01,3.000000000000000000e+02,1.446932826797166740e+02,3.000000000000000000e+00
3.244219326972961426e+01,3.000000000000000000e+02,1.447159223000207930e+02,3.000000000000000000e+00
3.250650978088378906e+01,3.000000000000000000e+02,1.609940437140000711e+02,4.000000000000000000e+00
3.256947565078735352e+01,3.000000000000000000e+02,1.454753207445144199e+02,4.000000000000000000e+00
3.263340401649475098e+01,3.000000000000000000e+02,1.455051539818445292e+02,4.000000000000000000e+00
3.269831132888793945e+01,3.000000000000000000e+02,1.455354440609613391e+02,4.000000000000000000e+00
3.276231312751770020e+01,3.000000000000000000e+02,1.455653115669885551e+02,4.000000000000000000e+00
3.282555580139160156e+01,3.000000000000000000e+02,1.455948248147963682e+02,4.000000000000000000e+00
3.288955616950988770e+01,3.000000000000000000e+02,1.456246916532515741e+02,4.000000000000000000e+00
3.298655557632446289e+01,3.000000000000000000e+02,1.456699580430983758e+02,4.000000000000000000e+00
3.305059027671813965e+01,3.000000000000000000e+02,1.456998409032820803e+02,4.000000000000000000e+00
3.311331200599670410e+01,3.000000000000000000e+02,1.290783555405053562e+02,3.000000000000000000e+00
3.317731118202209473e+01,3.000000000000000000e+02,1.450441932201384532e+02,3.000000000000000000e+00
3.324230718612670898e+01,3.000000000000000000e+02,1.450669418215750568e+02,3.000000000000000000e+00
3.330764317512512207e+01,3.000000000000000000e+02,1.450898094177244957e+02,3.000000000000000000e+00
3.336963987350463867e+01,3.000000000000000000e+02,1.451115082621573151e+02,3.000000000000000000e+00
3.343374228477478027e+01,3.000000000000000000e+02,1.451339441061018647e+02,3.000000000000000000e+00
3.349774813652038574e+01,3.000000000000000000e+02,1.288253073230575012e+02,2.000000000000000000e+00
3.356174325942993164e+01,3.000000000000000000e+02,1.607974678845158394e+02,3.000000000000000000e+00
3.362596583366394043e+01,3.000000000000000000e+02,1.289154134553224083e+02,2.000000000000000000e+00
3.369067049026489258e+01,3.000000000000000000e+02,1.445013601183890160e+02,2.000000000000000000e+00
3.378667402267456055e+01,3.000000000000000000e+02,1.556512447445224723e+02,3.000000000000000000e+00
3.385026240348815918e+01,3.000000000000000000e+02,1.452572172880171308e+02,3.000000000000000000e+00
3.391368341445922852e+01,3.000000000000000000e+02,1.288043703115663448e+02,2.000000000000000000e+00
3.397731018066406250e+01,3.000000000000000000e+02,1.445868617693581655e+02,2.000000000000000000e+00
3.404139780998229980e+01,3.000000000000000000e+02,1.446018155495324322e+02,2.000000000000000000e+00
3.410553073883056641e+01,3.000000000000000000e+02,1.446167798995970202e+02,2.000000000000000000e+00
3.416915273666381836e+01,3.000000000000000000e+02,1.446316250324247790e+02,2.000000000000000000e+00
3.423330211639404297e+01,3.000000000000000000e+02,1.446465932210284961e+02,2.000000000000000000e+00
3.429732513427734375e+01,3.000000000000000000e+02,1.283346801531425854e+02,1.000000000000000000e+00
3.436184382438659668e+01,3.000000000000000000e+02,1.439615897536276066e+02,1.000000000000000000e+00
3.442531490325927734e+01,3.000000000000000000e+02,1.275063825354559697e+02,0.000000000000000000e+00
3.448994159698486328e+01,3.000000000000000000e+02,1.432615897536276179e+02,0.000000000000000000e+00
3.458494234085083008e+01,3.000000000000000000e+02,1.432615897536276179e+02,0.000000000000000000e+00
3.464956831932067871e+01,3.000000000000000000e+02,1.432615897536276179e+02,0.000000000000000000e+00
3.471347403526306152e+01,3.000000000000000000e+02,1.432615897536276179e+02,0.000000000000000000e+00
3.477692627906799316e+01,3.000000000000000000e+02,1.432615897536276179e+02,0.000000000000000000e+00
3.484118032455444336e+01,3.000000000000000000e+02,1.432615897536276179e+02,0.000000000000000000e+00
3.490585756301879883e+01,3.000000000000000000e+02,1.432615897536276179e+02,0.000000000000000000e+00
3.496896815299987793e+01,3.000000000000000000e+02,1.432615897536276179e+02,0.000000000000000000e+00
